[
  {
    "id": 1,
    "name": "ALTO-CENTRO-FAFOPST-UAST",
    "to": "uast",
    "description": "",
    "waypointsIds": [1, 2, 3, 4, 5, 6, 9, 10, 11, 13],
    "hours": [
      "07:00",
      "07:40",
      "11:55",
      "12:45",
      "13:40",
      "16:55",
      "17:25",
      "18:05",
      "18:30",
      "19:30"
    ]
  },
  {
    "id": 2,
    "name": "SEC EDUCAÇÃO-FAFOPST-UAST",
    "to": "uast",
    "description": "",
    "waypointsIds": [4, 5, 6, 9, 10, 11, 13],
    "hours": [
      "07:00",
      "07:40",
      "11:55",
      "12:45",
      "13:40",
      "16:55",
      "17:25",
      "18:05",
      "18:30",
      "19:30"
    ]
  },
  {
    "id": 3,
    "name": "FAFOPST-SANTA-MERCATIL-UAST",
    "to": "uast",
    "description": "",
    "waypointsIds": [5, 6, 9, 10, 11, 13],
    "hours": [
      "07:00",
      "07:40",
      "11:55",
      "12:45",
      "13:40",
      "16:55",
      "17:25",
      "18:05",
      "18:30",
      "19:30"
    ]
  },
  {
    "id": 4,
    "name": "IPSEP-BR-UAST",
    "to": "uast",
    "description": "",
    "waypointsIds": [14, 15, 16, 17, 9, 10, 11, 13],
    "hours": [
      "07:00",
      "12:45",
      "13:40",
      "18:00",
      "18:40"
    ]
  },
  {
    "id": 5,
    "name": "FAFOPST-IPSEP-UAST",
    "to": "uast",
    "description": "",
    "waypointsIds": [5, 6, 7, 8, 9, 10, 11, 13],
    "hours": [
      "07:40"
    ]
  },
  {
    "id": 7,
    "name": "UAST-BR-ALTO",
    "to": 1,
    "description": "",
    "waypointsIds": [13, 11, 10, 9, 20, 21, 22],
    "hours": [
      "07:20",
      "09:40",
      "10:40",
      "11:40",
      "12:30",
      "13:20",
      "15:10",
      "16:30",
      "17:10",
      "17:50"
    ]
  },
  {
    "id": 8,
    "name": "UAST-SANTA- FAFOPST",
    "to": 5,
    "description": "",
    "waypointsIds": [13, 11, 10, 9, 8, 7, 6, 23, 5],
    "hours": [
      "07:20"
    ]
  },
  {
    "id": 9,
    "name": "UAST-AV.TRIUNFO-MERCANTIL-VILA_SAÚDE-IPSEP",
    "to": 14,
    "description": "",
    "waypointsIds": [13, 11, 24, 8, 7, 6, 23, 19, 18, 14],
    "hours": [
      "12:30",
      "13:20",
      "22:10"
    ]
  },
  {
    "id": 10,
    "name": "UAST-SANTA-COMPESA-IPSEP",
    "to": 14,
    "description": "",
    "waypointsIds": [13, 11, 10, 9, 25, 26, 8, 7, 6, 27, 14],
    "hours": [
      "17:10",
      "18:10"
    ]
  },
  {
    "id": 11,
    "name": "UAST-FAFOPST-CENTRO-ALTO",
    "to": 22,
    "description": "",
    "waypointsIds": [13, 11, 10, 9, 25, 26, 23, 4, 28, 2, 22],
    "hours": [
      "18:00",
      "19:00",
      "20:30",
      "21:50"
    ]
  },
  {
    "id": 12,
    "name": "UAST-VILA_SAÚDE-IPSEP",
    "to": 14,
    "description": "",
    "waypointsIds": [13, 11, 10, 9, 25, 26, 8, 6, 23, 19, 18, 14],
    "hours": [
      "18:20",
      "19:00"
    ]
  },
  {
    "id": 13,
    "name": "UAST-CENTRO-ALTO",
    "to": 22,
    "description": "",
    "waypointsIds": [13, 11, 10, 9, 8, 7, 6, 23, 4, 28, 2, 22],
    "hours": [
      "21:00"
    ]
  },
  {
    "id": 14,
    "name": "UAST-MERCANTIL-FAFOPST-IPSEP",
    "to": 14,
    "description": "",
    "waypointsIds": [13, 11, 10, 9, 25, 26, 8, 7, 6, 23, 14],
    "hours": [
      "21:30"
    ]
  },
  {
    "id": 15,
    "name": "UAST-FAFOPST-CENTRO-ALTO-MALHADA",
    "to": 29,
    "description": "",
    "waypointsIds": [13, 11, 10, 9, 25, 26, 8, 7, 6, 23, 4, 28, 2, 22, 29],
    "hours": [
      "21:40",
      "22:10"
    ]
  }
]
